idx,gt
0.000287271854623405430.157444760850390830.9968171438272063,1
0.0010863036917236890.47680670826091410.1326997920399866,1
0.00353289859414340770.76539580712550110.012207764824052503,2
0.0042943058174115260.7384949814241050.9756010361567812,8
0.0046691375801363180.53378260284225820.7306590704105899,8
0.0050298390740051160.59665488745333030.537152048554461,8
0.006105789403658690.86986270653643820.5663210947613763,5
0.0072239948765400190.92613695628301230.7067412484568043,5
0.0080979657614902440.8650673976972660.7783116157700779,1
0.00959482007466450.335017368208334050.7589291532136786,0
0.0118199786104489220.210752385701447720.5810082189794468,5
0.0122654033755079660.28433932713714940.478714208606398,7
0.0126154878881689080.97459850287545970.7146825212907967,4
0.0150677052688624750.79439039734080460.5846968600127815,5
0.015645796363549570.206081621850214170.10089671309250703,4
0.0157810835111602540.265367508324973360.12675854371278028,4
0.0164353522058944270.51537573020940610.24193813442099332,8
0.016562627273414620.52271134301715850.9093392230895125,8
0.019395397246996350.049632072223098620.5349707530597663,6
0.020077998330570.2611277099822620.10472504849881226,8
0.020232888593271880.81738592530527750.30305495344809663,8
0.021912896243572290.58660917509120950.9172241474811186,0
0.0219132720656158850.50463355458516430.12316198175096094,8
0.0219395978595650080.8300375614928440.39580574091136733,0
0.0226902685550558480.41653665877561720.6824033747720342,5
0.0242068303352690470.30481884754639310.9876519169637292,3
0.0247863618981887250.73656447175508210.33218546794642867,5
0.0249252051454955660.93106891586942150.7685181658371082,5
0.0250246496464823220.88423484521485220.5614073822498789,7
0.025272141254472080.145326711632795540.6702541787669418,8
0.0256784254974660180.31195724439469520.6773472868504088,8
0.02626190401329720.353914287345258870.09306426045987415,2
0.0263649133662410270.397012520760169460.7649963721335957,7
0.026966451905137690.39402025633970470.5643919830247741,2
0.0285712930199129020.66354913530380450.8603688174133926,3
0.028699997770089580.85095283631245910.1818398571576918,7
0.0314129580530181360.33042848908049870.5141561198085891,0
0.032229553227045790.76453885412823460.015014260451757022,4
0.032432091735277610.57809271542738690.6032854638877626,5
0.032714175407513760.425902253038346830.26978938056569524,5
0.033620554400217830.53112172629177680.4792693392166235,8
0.035363573974853570.80311548645755390.7140208016385572,5
0.035698288627659670.025364605484448520.9963835596512662,0
0.036339849212555510.83620319811250690.7879606298758379,2
0.038303191117043720.91739617161275130.4724549330478309,8
0.038724607665786450.470690021085990340.19957283002575188,1
0.039444519968693580.290567177237679440.8015961026904473,3
0.039488542715475860.70662597892805930.5590247906350686,0
0.0419059419303819960.93337097995039730.5153835892544988,5
0.0423551628501295240.87003717505639210.3525593103084823,8
0.042675900633446060.078368522139489080.6831254693522546,8
0.0442966935278495950.98360820595198270.6774718958641857,0
0.0458243836556622150.227898275651546860.28938796360210717,8
0.045942925658633780.6261795221558940.836702178862555,0
0.048571605631905210.93530828083165260.8388161106789165,4
0.0487149006862654940.29166409767875310.6389465252780692,0
0.0490313627487990460.41695692385535820.1782483917574228,8
0.050142337263953560.47678851710893490.9193871308320752,1
0.050588329524881240.99928246841272660.8360275850799519,0
0.0514460799723760460.287629407647327250.31244889908765394,1
0.051619884791373250.99036482938940230.8088957796795672,7
0.053069019270829740.112679122363127490.1492174169811885,5
0.0542680708914410340.79421478697589030.5580842053178108,8
0.054459996993610040.372813778707583030.45241064940562026,7
0.054526020238987780.292136644552777550.9440896147957406,5
0.055063938001370990.349019833182700360.14537441621593594,8
0.0560383444018928150.77565291071252350.07138469474905684,3
0.056167976801271390.60166278644508820.0199279898885526,8
0.056881911594461320.59413858247254430.8939669641514058,8
0.056890050833952380.83169663166312150.076731001173455,0
0.059162586241490730.76872499353781880.6522987304190796,5
0.0592858865297304360.27732353558426780.6558962771809709,1
0.059980977970846560.95662462384690650.5616833815697281,8
0.060468859588205690.78928999899309140.506610604274927,5
0.0609837460577276060.387106096881666860.5225822733240728,8
0.061417763153463920.47316053195402830.16907924095436921,8
0.061758047556683790.54764924871093150.5054870560925958,8
0.0621243318005361140.118224847803972580.3068063420036198,8
0.062265710583585320.83289116934048770.38947681266694123,3
0.062949508592759160.87179370076946240.23232806350996726,8
0.062992630844855070.54055204721843920.3077308796322654,8
0.063792399591160230.87869097644974140.5484337438182938,8
0.063837053897109920.98836096582176710.6405947456146558,0
0.063957615329326420.8174703948671460.11417968196528772,4
0.064939078316071150.54217136122556230.8913316823538889,8
0.065343435113932480.4917465602910680.5770211564708181,1
0.065365198815870.112887057300216090.47865208582015095,8
0.065748105267366070.398159980770908530.7169335985099499,5
0.066059934651212070.208238145812717820.694059860639052,5
0.066136324234889350.92710320617779380.9856276395863681,2
0.066188605211547240.9131361241855450.5671800514785023,0
0.067233363062108810.77851537350686540.36632847310714856,8
0.067532569272767180.26218527716206710.03982686193718976,8
0.068176469104425870.50514035045631590.4159312437704217,5
0.068463952708297750.136624032926524360.11035635051796366,2
0.06861015282435590.76515737588858450.2071573703466585,2
0.06892643777274510.46509417791688610.28230687062090243,8
0.068956736519640520.64754325405680510.012652150165853082,8
0.069212518468383610.76060216525723160.7658344293069878,5
0.07038812961024410.30390454886805540.9446034820072357,1
0.070698591954106550.89343444027565890.33290613838225847,8
0.070859498493963220.235299831043206730.44482089275648184,8
0.071409836855814150.165922789220724680.30761181261423254,8
0.07174599653772440.0157077993750265320.7213392323619774,8
0.07302952591545730.42369738477862520.7003848780971759,8
0.07349071576645050.080790477410791930.60829742363344,5
0.073965135582288450.9907006144369680.4792346997726262,5
0.076379377473021150.63322466696818650.5306048207726483,2
0.078427691018528090.74545656125488370.34585949818563777,0
0.078477395922853850.05592270882331940.7709015036701384,7
0.07979197692362750.232790886361030180.10100142940972912,5
0.080039736695802670.037755338285078930.384326010426022,1
0.080063105688150780.73018546947310250.5264080538122288,8
0.080441851899300980.039860784183613050.43202866416077257,2
0.080577657657668440.15083065801308660.38303529243133816,7
0.082510166815082160.5055961093072760.8514452560526342,8
0.082686122505801760.84532979454032810.6449072419433021,4
0.083817580962677770.59829234985088040.5437310219455265,2
0.084248715997986670.55339663178473010.6000078672258529,1
0.084401465709102340.145070251789272460.933941854698388,1
0.084663444289716060.64224289958135490.4158554662775453,5
0.08475196862302780.133947769650710650.11786165266165671,5
0.086797784991967890.87704873262079240.37158357688714805,1
0.087308750153857420.39068250282068440.17881182050982625,8
0.087795017137301420.38220712185440830.9606056934445716,1
0.088021193647322420.8264835982217120.30119976660500136,5
0.088059792775788570.25239885094220770.11592160143095787,1
0.088726012570126360.70896581314522440.639102687904879,4
0.090179661289470530.32407478013424140.6485764302846972,0
0.09019698314878110.0147248468814756840.21718808518285193,8
0.09030287556858330.394574560328711970.2644585783524238,8
0.091224788366048640.08536435733161940.43187651855174025,7
0.091401552304212990.61864485843794110.9308487845186271,8
0.092481131303060570.05503363615387080.6413126527901719,5
0.09333998452565040.36043538339726090.08242053070547994,8
0.094505947515094340.6783793448400810.2841469738781137,8
0.094998470330580290.75820400484123830.045889087093415215,8
0.097292240382616080.6112258894047840.835352156989593,8
0.097364320737958980.53129335222709280.3538280945731971,5
0.097685787358047450.23214400439467020.0760182465657051,2
0.097698759475829180.103907284777608130.44594220333931156,4
0.098217390272741230.86890002509919860.13438552096844048,4
0.09827678840863640.65434328156841410.39115376368990973,5
0.101257810973335640.205550476717937140.18998425758838544,8
0.101752048727142390.87197933000988510.1869598356320934,8
0.10248000633797660.86803537365441030.73949248017285,8
0.102589731748409350.84589227673343850.8511660480847788,3
0.103553961123567630.65752181113173080.6061607739530195,5
0.105944551606087180.098606558581727510.22200107954946335,8
0.106771432843401070.184746496574567320.7624474837329654,8
0.107300690773537990.98299388837100640.28456165235004627,3
0.108832636295036590.64555160408189640.08197369308615465,5
0.108972833718438020.105657750102691180.4495667477403217,8
0.109316292789649830.45690042396642340.8777669671357863,8
0.110132868037612910.227782063916803330.23711836142650144,1
0.110464134039404140.52320053919323550.06667984309626562,7
0.111549404291969020.174613847659017770.5917701254708113,8
0.112646761020154470.162494262539738640.45891447103236116,7
0.112743662603808530.499582541272657550.5939297681377231,8
0.112937479373767410.411284263735174240.04597232537967,8
0.114721951402265270.34600729082276850.2403478764332566,8
0.115341751851427590.9704006110222280.17856781617246364,5
0.115508923741827860.78487657306691520.47094445294958953,5
0.11820713448514630.46488563437358090.7967325532281825,0
0.119354663526403560.27721703419871790.9943329540686706,0
0.119878492654771570.07848757263878070.9557796840624815,8
0.121362455078456890.200980371177685750.13887687203836574,4
0.121848345158617530.238439503459822680.6389517321728103,8
0.122527659257473890.94228066102411530.0506377009152561,8
0.122637421903970870.85282629038432270.45204268524539737,8
0.123588736763492360.3685856586160390.7490116035367608,1
0.124353658174708230.68867799121209370.6997336849757173,2
0.12447500824438340.3680191743146730.8894865170122814,5
0.124826162853209350.92229537202815990.07880019807845817,5
0.125344181134112160.130218252398889960.07860496211651757,0
0.12721176469396490.69221052951116730.059651719634265854,8
0.128215146595951570.65547298069695270.1000450572754229,8
0.129405957568285880.43371141428863660.4294097230091205,5
0.129907253205466480.65639462891115060.8998972151272433,8
0.130708286440161860.29167602405690350.8509137057886191,4
0.131411806420485440.90962781231932680.3267191257140104,5
0.132159797746783550.53940775898442110.9714895812113399,0
0.132717156448864170.72457063225323360.459368410614045,4
0.133146231186212160.9929401552463850.14285306683489385,0
0.13337183101609350.41274547280761930.7000142848971251,4
0.134636014430632780.498828642102611240.5303643475190842,8
0.135489525680676070.0067673694254715140.3956919784264058,8
0.135588906428009140.75009413648911590.41159622310674715,8
0.135699487230564240.46169844405151170.05028463348862755,8
0.13575389594953890.155386288666728770.4606179363433891,8
0.13638146032954680.39099256542899030.7974846128334658,5
0.136404614580722060.71982121612247020.6320211169018609,5
0.136451668857490050.157503886016845840.9486935320263234,1
0.136501499348202770.85165136654328020.45857892497050634,7
0.137129294743545630.77346048365062410.753157800991068,8
0.137695107828526790.366949948653832350.31438544131488155,8
0.13808248578521020.20734170497124470.3250495344260548,4
0.13891673749135080.58076789158028360.7549885111759067,5
0.139793039273122370.0119569231694129920.830372331894636,0
0.139929508576416950.02545527112037360.4973728284051202,8
0.141428380584317840.34982078753584420.9676965076927446,7
0.14155682879148280.70435369613768780.28326769600870416,3
0.142712137062967260.58264613762835540.767490112646551,8
0.14308786123861150.270949747585407350.45041913101100417,0
0.143576840246260050.429238893103333740.6148095827759507,7
0.14366869116263460.86148507683249480.31931639264672806,1
0.144351749165178460.46302515949861090.05762393446554204,8
0.144641968485608730.190610370947928320.5993775986748999,8
0.14708347469252470.56523151493477650.9068807879261084,8
0.14757134509129820.68762241308051950.8926598262113665,8
0.14832379736909940.71115739828511160.968400004176369,8
0.148338335403210620.284382033764768560.9562138554927935,8
0.149929296354156530.76547438830362310.8996870447454949,0
0.150498068891414480.20425615847623070.9521047668701127,8
0.150566376793219710.93239753253784850.02391025597600438,8
0.15113561346497860.446653167678168540.8078406913235736,1
0.151708180768684640.89717531496917150.6569317589496126,0
0.152382345784790370.126220974874206250.6694588446199107,1
0.15299114909385990.176136961086059360.5217467469384799,8
0.154194266879563170.65873287338375430.720632768437273,8
0.154554914708308070.22111350172440370.188416784965297,1
0.155025478075326960.295672661210734770.263349268895432,8
0.155447909774990460.28175627145789430.21062965480694307,7
0.15735735269056960.60202027646677710.8169550755495594,7
0.158045610677391420.029065225162069440.5149037176077447,8
0.158157754344669720.00324531610172928970.7220920613099108,2
0.15837816380523240.550839007002670.552251409053733,5
0.158435117375679950.7852109056977120.7797524563077192,8
0.158972442639000460.311123093288908860.5067952752365554,1
0.159197842980731250.70127818813991260.3825417225969343,8
0.159342411892604340.99596941109541680.4668151177373506,0
0.15939539748216490.416027716630896550.5907503029903385,1
0.159659316376890130.422614398153502550.27787134167164185,3
0.159759593532551980.92267303945955340.05402761433169867,8
0.16013571121535930.55984895248986310.9584626217339497,8
0.1611291403675380.6295404248881550.03919086523948356,8
0.163790343744104950.72800067045063280.8977236108767405,8
0.163832630935407560.95301620175469760.5230053627284083,8
0.166364786729225170.299466080244064740.028947249397568098,8
0.166881392655430560.157309981101126040.7733289532579847,1
0.167508162821279670.69505116286027810.5976365189956522,5
0.16837736460308440.97900015640298840.29263469792405694,6
0.169482891813102170.036061133144348780.23925662528737723,1
0.169935484067510360.97013584191170050.8550040217466823,4
0.170319647044763320.28401354104799070.7891884945074221,8
0.173410106263096720.13906886568834510.555421578769349,2
0.17526740318665390.55879045803005730.0670059141573176,4
0.177637271319140640.398239582544008040.31913766482061257,0
0.18069602636660610.89854191341676580.9604338795159139,8
0.181489147223125920.58532962527785440.6347847194540869,8
0.183992722785383140.61688492324015760.25274177785460805,1
0.185937598141525660.102273488656539730.26919513288914554,2
0.186626728949103820.34766467901826550.7324024101227128,8
0.187582541394527120.361779359151675250.7564431540555737,7
0.187935690892611420.21139050210589760.8239694342551407,4
0.19013198927708830.250626800043616040.7555773237416772,3
0.19048161843073830.26846158785498120.6736719206345785,2
0.19193205699161320.52645598540021620.8152143907132826,7
0.192005233664386270.99997662110302850.1549451729444048,7
0.19251238793367710.51389470012743350.948211819648418,7
0.19254563962345850.276649538668064740.3191497905014984,8
0.194450039345512970.31775781216600440.6050778218474674,8
0.19619178272683380.230018626003263620.569789512704035,5
0.196301919483073630.95635162704319810.2744510332135133,1
0.196350992529223720.032792715676539960.659788843344742,8
0.196431929344196950.73354461704444750.6266188850735305,8
0.19810852771893960.39531880358046610.571330682904268,0
0.19883765068664850.64988443777952320.5449414806032167,1
0.199685213605755750.373820790320569360.7577337825930621,8
0.19990241726471680.75018501867005370.16093539434323,7
0.200889082325344410.62416758920538820.29057949547925066,8
0.201919279972234470.82256403287668680.14787825073382344,7
0.202079028688782140.48537028723669530.09875358664853229,8
0.202318206397399720.68859188191151030.13191308738401353,2
0.204423124353731780.9453240872266440.7673495273086041,4
0.205155361909324150.70713438119507640.6655532815824728,5
0.20519437290589870.98311574189489770.4198158420028453,5
0.207277794854640260.70498825974019670.31704074501844803,7
0.210703951051763430.161246259862625750.8333649963952542,7
0.210808379701964530.57213720244606410.6181084263249575,4
0.21167817568111190.65384993454304640.5231196392951187,8
0.211807772049008030.19002369763014870.741475203017266,3
0.2130554514235260.7482688363743880.9198941246547542,5
0.21315431226704040.265200414750401350.9332593779937091,1
0.213747299199181670.40104029254945260.058635399972178925,8
0.21502306632749690.45155491596528150.2284935743645844,0
0.215132880033510940.419832493764503160.3408959817693328,8
0.215568965337746830.51234630580110470.34517285548086185,5
0.215695155619482270.88780487659737730.741527676527181,0
0.216824717450804670.59938497571708920.12179013124164262,0
0.216873843884932360.65947062131547920.4537384838622165,2
0.217437280224755060.077201565530751080.3246920540400161,8
0.218006485199272570.358405681668150570.23906239604681867,0
0.218386498197661980.64333816696889480.9126092228411264,0
0.218566133784623750.57371261916366060.1827844526404001,5
0.218637974803603360.50535528810336240.026535969683863625,8
0.218819117259028360.487642148373647830.0628611614134692,8
0.219128600935343920.133568782196804130.1531855646891792,4
0.21941632572748250.28329701909345460.19307953144641044,2
0.22051843550252460.98444565832111950.054781958518080986,8
0.220895250437012080.56555024612032050.9366877935542542,0
0.221042740446032560.30050095375741960.060957637106762164,1
0.221198081101452780.213353810186195920.3318835149039815,8
0.221351077015548130.22511204091977510.20673098615619223,7
0.222092783079813280.57666518634740970.05414817128878413,8
0.224244869107565580.108218381927266630.8453734186013451,8
0.224640665997288270.199129932726576640.024425387726826342,1
0.229207532128442470.83494048006605670.8363347099616892,5
0.23011839097041630.80193195754528760.21900453892810545,1
0.231855547411410350.405047436280252860.18445177515139366,0
0.2322201992210170.73868652226863550.8503331015755935,5
0.232674630856063550.98167571096383350.7885618257868735,8
0.232721639488541080.29048806413455050.19355543704018674,8
0.232836559805952750.100197959045330910.3302936234873388,8
0.234143841484419470.6554852283835350.7036980397640442,8
0.234493578014635330.335847536621313950.8930268327903168,7
0.23450526597155630.0127494012686097950.0890028395271304,2
0.23486137193016010.242056517844963740.26540537332578473,8
0.23552125280153390.7537566517814570.9540348226549126,8
0.236268848946724290.146444218277694380.19727180282398327,1
0.236551132742460870.31800436829187140.7381051011206698,0
0.237548284947245670.049635443038509860.5717698078577416,8
0.23759547256620450.78430717287088660.7988217524895704,7
0.239245863814632860.43987259326490270.7135448626110564,7
0.239253758922886920.17454893596871180.6916735696615368,5
0.240360808170576030.15274915416885160.970537173095217,3
0.24047219430428680.8346505600917520.3891566073673588,7
0.242196560141224480.5725702714041260.7005209111414515,5
0.242315091726511560.26625709069350280.43006573113360724,0
0.24242429678057310.37605530232414710.8164945154329131,8
0.242583993553569080.36827362769611870.9718577451509287,2
0.243207894192882020.69723631609869930.29997464033992305,8
0.243568897164023630.125923885308042880.5645779759079633,8
0.243691061049319920.159020289584187570.4823746560798321,8
0.24482507386263440.071242871220242640.6132628835159771,7
0.244842544078350150.475136344218805130.8497376946247319,1
0.244891853803476220.13953792852514390.1024951761715075,8
0.245231304112460970.63066284911100650.6637369391352761,4
0.245495169093690850.93462187861400010.27892824919247017,1
0.245730016375344080.55064253251707520.9434645450476304,5
0.246175138545484120.221525704206519740.7398162159386168,2
0.246215347788624860.59451915353344120.6193815103321031,8
0.246519135527360380.55808665080740420.2248670379928167,7
0.247743723598284230.4377582743092330.4394217917626243,8
0.247857054001572870.241152795154802480.5336895645878103,8
0.248263183357243180.9158547648808950.31993513756437564,8
0.248656333920285630.19020890844081150.4486135478331319,5
0.249198279659971660.84833634735165970.45646182547017256,0
0.249852628221551080.462043248876238930.8038967534438501,8
0.250654196728123830.174497120901393470.6610576425973168,7
0.25112125206989410.90815904621857190.05079889366253065,8
0.25141411998181320.55322589621528750.9424308613798098,1
0.251699737788902870.246590068347002920.6250336877688947,5
0.25227153178238060.081906232761642550.01938328705001069,8
0.25247839049297260.86172296462751320.11408714072492454,8
0.253632726231983960.85497692626792850.42356154743336316,5
0.254289311251429950.195921467151816130.12074580736619422,7
0.25451802817837320.76585889035845460.9100853566754851,8
0.25592392843704470.8349630992823810.5488042454438354,8
0.25665794154271480.108034601214629270.001281157494689933,8
0.257911537796229440.68591283616453940.9742587483990571,3
0.258052765673857930.36344934547004780.18335307165693204,0
0.259807043937724360.303572915573088969.234639492805563e-05,1
0.260289771139903370.44627311240561620.9963651121547608,7
0.261252587903497370.70077487257268930.4849185137510984,1
0.261612867228489860.31423794487387090.7045681764806231,7
0.262557976581744730.39852703736590680.43449111114312056,8
0.263295966682884240.46505795615465050.2262422802826669,0
0.264465921487127660.88971270700570910.7424166839809987,8
0.264520867222013070.043450442923097190.45942487967184253,5
0.264880166498052460.246627507693983450.5613681341631508,3
0.26732473667663580.396896422498071440.37305158346368217,5
0.26797203089461440.37999999308345580.7838902818702227,0
0.268309398580160230.73306794533842290.3726221532744488,8
0.26856199327294960.061639369660099310.7522351421152871,1
0.269419981008763630.416772727705382760.6455548114276443,4
0.2712481013513490.444898387647971740.8628064836470025,5
0.272134130451624050.62275378027555350.1877894425440112,8
0.27342489671327420.83472394557669440.9802446326033755,1
0.273457536755423060.121874105732715070.6766222457825457,8
0.27389335737553830.75755008619393650.16805085313540535,8
0.275324462858303140.83134959339111990.9144740019780461,7
0.27537855821703960.89548297506925050.8515861730926424,5
0.275881440861586840.96820687593638680.9490107882621376,8
0.27731135313074050.77767483533397170.4845970170702668,4
0.27784879693426910.132538762806339250.2809719314814888,2
0.27797360311009210.63568444426440020.36483217897008424,5
0.27815713025890820.50692933218707530.550495569730679,5
0.27819070823066270.8693003207929340.7588073671297673,8
0.278689766299811350.96052005226499290.02591334086414321,7
0.28034665318464160.4916192133593170.6961828446749748,4
0.280460028653883530.0311731646891862950.9836187688651739,8
0.281356338373528360.59751877101018620.8428496469129624,8
0.282209246349928060.0311847421172347650.43171550111637913,7
0.287379004042043640.227486280700313740.09037933076896865,1
0.28763034161413990.71414128749839530.3463635140956165,8
0.288834774049345660.187098579962402640.841985214136548,8
0.289263451353918840.81578625676331680.7315174831160183,0
0.291356352794419850.26747239087063790.6446442931551882,8
0.29159509065603260.78450721728734150.7395759867334181,8
0.29317828140709290.62863979949444340.8854517479368068,5
0.293442571175031250.0438062756591230950.19946983371518834,8
0.29451726471892270.17770828849696330.0017979066728658344,5
0.295379480705076250.246449781306896540.07350668372242153,2
0.29560463323761720.90691156252150.4045988946279504,0
0.29624646326514450.360881069149386450.3022675887804356,8
0.298870345174389150.39010472518548890.10676801674527714,5
0.29934374663936070.72496415434924980.31550284143669305,8
0.29979056473741370.81574883324382420.3683578098657696,0
0.300194828550660930.16998666406153650.65761468467485,2
0.30026408318194030.81018593691869810.11508526669878594,8
0.300393253843274640.73078936195627720.5762836961563387,8
0.3015826854876670.68425903916665620.8055279636461664,8
0.301630329028088730.64334068420548870.031150639510343914,0
0.301764435144203260.143260434163328680.6602124238107432,8
0.30194583969161470.72288252840099740.01143573419416799,7
0.30387494926835380.21018268488264190.7857588274775801,0
0.30436458435600520.492624618978205860.0971919986218216,0
0.30649500468177440.7892677058280070.22678193810763292,0
0.306495856090752470.60262162773059980.4261160728830454,7
0.307514125402661430.057925166494187550.8780095992040405,5
0.307677833711764270.89876710418853310.8720991141203317,8
0.308035723536338240.405793697160539260.598259181594436,5
0.308085344564345660.44557604100034930.5610330111354487,0
0.30990688561664190.51130469829533140.20319749395782782,7
0.311573465846856630.36256856574873610.8170387032772444,8
0.31369248344585520.151431258119345440.6905002609185255,8
0.31403328781211780.120736737071905580.35828744593735573,7
0.314280272451157860.46590169601377960.5197275812619355,7
0.314503668182169350.13983018880923370.2769676569448454,1
0.31568862469317550.5302534228777610.9558707478718281,8
0.31638345764870890.7156684561100360.7789411774338145,8
0.31785900537218950.219962015427557440.18386909753535896,0
0.318530031759307050.39295458786648310.6165004874715161,4
0.31873445731631220.416324633421444660.1492176078251637,0
0.32069409430774720.063341756599317510.9671631570082643,1
0.321211428214594030.080068911074995250.6609192214581366,8
0.3218437619813540.88139056700961760.41866474583373037,5
0.322321583358299970.25036790241200390.0913268866309852,7
0.322630029893519970.050855441195226780.9323818655711908,3
0.32282185084051950.89752977623745310.8202647422825297,2
0.32392383938307010.0061312624352928280.6858357886469579,7
0.32407111006397760.70373625284762230.5213729041335506,2
0.32437466678130220.056119228105006910.3584633423003635,5
0.32537809427892940.097653909191660950.44521623236070573,5
0.32598491159881850.457550422206185470.2623533954523609,5
0.326251568779779340.452757852315573860.2336112266383128,4
0.32728928016093030.00247308514198474330.7741352904376932,8
0.3279266587401760.40083324662786610.09538510579452808,8
0.330248647035830340.84354629926807860.951644041732608,8
0.330514832093010.3379368552735430.6724729573660214,2
0.33127061699223980.977329223289790.973839745636,0
0.33128064608010610.70545135658649250.4739106736777533,8
0.337564284036507840.76336062566631980.48862110053381513,5
0.337835151207932950.88797404383704170.9954724098279284,8
0.338085562147455330.58830871845723330.230114732596577,0
0.33856123405143170.6927045985868820.6498366525792726,8
0.33873889252973420.443647638341234440.13007400206470998,4
0.33893161883517520.45349890290744730.41598965026149526,5
0.340313091284836560.91078797849289430.10241785807815351,0
0.34085420044766710.82531099061872960.8165886865773656,5
0.341808201149889750.88793126773430320.16090449491132108,2
0.34272272276036010.11383199990374970.40025022597841864,4
0.342732839257559930.90138377614452450.3592508863666324,7
0.3430964601481270.18391367419637750.42394288041094297,8
0.34327137242105020.80428077363429950.30511805005417436,8
0.34357415003410740.120593786151371170.8603402929180408,8
0.34529358089858110.6723737130513170.9813354962348673,1
0.34793020695293320.81714170004654220.41652171261791937,5
0.34830785684652430.320738362852669550.5938771490410705,8
0.348328652321475250.34306668084362610.784269997528697,8
0.34958507813864890.026670190802938530.05325688717107446,1
0.349759901644654540.163513614517850850.8944919203121954,8
0.35291454166607030.97776051460372810.2946179456204805,5
0.353943252673120.90830421587192340.2749817690242421,5
0.355138978584735640.63366118046964460.7999127156435218,8
0.35528339611983240.7442099293428080.30708527133220853,8
0.358242279216532840.78843153445371680.5888529220504423,8
0.358783132687061970.59156249484573720.7034528829199135,7
0.358959157577245840.29587239021578460.6992790795507338,1
0.359259555551575740.26156162738535260.5128165400237735,7
0.36018864759415250.035840042629288750.768511983001936,8
0.360219142319874950.107891433083104450.29249557753958133,7
0.360700228114060440.091520428696239110.9429602273424524,8
0.36079782466273270.218445285784514720.7526556895545169,7
0.361163447942689060.63624713504392360.9551563587485575,8
0.361759510495258560.480485905450393160.43606851151843307,8
0.36226978977459080.15477858056181360.6515759347779317,8
0.362943389157254550.52381730606614880.3840873742615717,8
0.363294547169756070.452532456174666860.09743702232330997,5
0.36331113065098230.80109597556216990.6794106078146899,8
0.36419306907850890.209589752813217340.2513817797176139,0
0.364651515327256040.93308801052065420.9721962650172604,1
0.365590858946389430.61913345039542270.3655711439731195,8
0.3659373525175630.40058162101475660.5702816438810293,2
0.367112707004539460.00071982872424947160.6380260624435374,0
0.367561050615350160.76260563193684970.5741000043314627,1
0.369435185447474330.042808440838646880.20677407471750098,0
0.369927343379018670.165006126751461650.2436446094935799,5
0.37005309247700390.72159596774267320.776835619966741,4
0.370180967116882640.20950703077148770.26697782204911336,5
0.37052995873443540.443383086060701650.950555169851427,8
0.37246676153530720.59404359345215130.17758369416386166,7
0.373306070964310570.141358543268031320.38846326930999087,8
0.373913852591147950.161549035753153380.9534997476535028,8
0.37491267341776760.028187545528150060.9308259047499531,3
0.3751723278462270.075516273331848960.7945986306676647,8
0.37564553380198760.68273035410154140.6617925381254681,8
0.376274830468043550.73808266019236320.30751063752136387,0
0.376460188507132030.75441609723812530.47351882041221993,5
0.37776893644159650.72439915787229070.2506962411006022,8
0.378637592518903170.81710330571979280.07883059575479168,5
0.378678631412579740.380607009261146770.7682603237843884,8
0.37897311897691610.98530884377972590.26520305817215195,5
0.379103864188139570.211660284211481530.32684580488130854,2
0.37969418537438250.98016053732136220.8183774601305623,0
0.37975077911588760.35859891482709660.02881622957122154,8
0.38090439881852080.59739185519931340.2948977459498898,0
0.38285440168877770.56724464172411950.6050948288547855,7
0.38297084892960220.85601297598737820.41077509554957814,5
0.38471471783002630.225740918411247660.4247718572957311,5
0.384767311674500070.59588842836112810.46804988778467727,8
0.38593709795340990.73258449449876860.9691018251056852,5
0.386078752490982340.66368882948453470.820747551709555,8
0.38611261824392640.0121907911051091220.3449202131580936,8
0.38698738003926350.56167271075964710.2617766765874958,8
0.388032603644770770.63021726462578790.4330250346392709,0
0.38859042773138530.99595856711312110.25823860582415525,7
0.389723269853195940.378358060274961770.262980275446249,2
0.39073150296834970.63429424735325670.8345264691847527,8
0.391916760645680040.70467759367914020.8912758945879058,8
0.39293512973945990.113887823611998120.5638505086287859,7
0.393242184113297260.457230642189730860.2407286406691701,4
0.39475207962018330.163269495330288780.7371178541033774,8
0.39559556235385430.101032170180686330.3017651537254691,7
0.395631901060664260.91454758974054350.4588518525873988,8
0.39624446267977110.048950617590422740.29884071096902176,2
0.39715253997212020.102312102968600160.5115137174683018,7
0.397454148195474530.203693661192269280.55210494834027,8
0.39771586818866380.96812858007582350.8248476476360221,8
0.3982960203951220.076937491441345870.16245025071470587,4
0.40044981631608710.078647087482859870.8705244161954117,0
0.40045225481365640.7604997720576570.03669713031370869,8
0.401629921924486650.84087691620264050.44597269115890226,8
0.40226535081090630.234339278487561640.2172692101775534,8
0.40262128210226880.339302605394963150.8616725363527911,4
0.405134467551114040.5900363118407180.9063035773981832,8
0.405416612968397260.50252047123838960.8951183698162541,1
0.40545096685052040.200310383124222560.015366522497873958,8
0.40568598223889530.71427308616606720.10698129479490015,8
0.40603265450570760.43519004840492290.21121607469385528,8
0.407134626107201640.106464956392576580.07238597052670392,5
0.40829585579541270.139777012507221080.9462615328819463,0
0.408392908619216840.402400387057724630.295655202525947,5
0.408866935819248270.76897206258348270.7658276829237117,8
0.40946063875262430.91441049630439920.4145140139378086,8
0.40997861974636440.65478132642773380.15436121877154885,0
0.410377409322705060.7749723018070910.9205209498972107,4
0.410858611496533470.67636292218853290.23753020144692505,8
0.411338508217416470.0167261476026299150.7221927216257209,7
0.41164508978779370.495469020964337760.6625835369914288,8
0.41239222241559270.84254471682534850.2314333920774455,8
0.412595457359301250.19995583128580730.8913651497711447,1
0.412677488981084360.416507866660406840.5299918140030857,7
0.413989060873673150.1838861991033840.023101092316507588,8
0.414867895898218150.330881391038083560.46592430335115065,8
0.41562174621411510.464442157775335040.34019256835177736,8
0.416566237484678360.78811153006421560.6851487630058376,0
0.416775565179543840.38025376292761460.5472823847289255,8
0.417884982245005370.83760488909325530.9339226105782003,8
0.418300692317226550.036765164067751990.9684280407393685,8
0.41866082672974580.162058173245871350.19969773144468084,5
0.418785870109275260.55771040346949550.1919028618746088,0
0.41909294352466330.75219576338164230.3650779862279153,0
0.41922491533587250.58367228929122470.5227827155319589,5
0.41924059849175210.76605346751390340.8837566218453745,8
0.42005874084182760.490201704990408270.43352340132584843,5
0.420243027147476970.78572533875303230.498395755871858,0
0.420960556910079160.113649306786546610.06355803814713623,4
0.42110233977252430.48423131393392850.07692136139515715,8
0.42152066901026530.134471684661222720.8932704094751918,7
0.42357862301992080.4670246680366750.7290758494598506,8
0.42401477311299520.60707600744101540.41418373788272467,8
0.42412802973340160.37927646803379380.22966406678789875,5
0.425503812705214760.74593543671360960.33079129719593015,3
0.428956264477120650.93842162789628050.4821234478768377,8
0.42928428630083560.404422884505234340.6401416690475789,5
0.429552841103343460.0044500433261365210.21479610507029645,1
0.430435313269233450.292922613002387760.23121539351915854,7
0.431323334145860770.65363517526535090.6073176256548857,4
0.43193567015068990.78636829848827720.14801240065834698,1
0.434563758564644350.72854506065270430.31367731419499123,7
0.4347270333602370.98258030351339210.34426462643064004,7
0.435237762678870150.81675434812717960.07212049325474212,1
0.4353774345527640.064080456369310590.221770244619512,8
0.43583597604663660.029024819946715240.33612954369838244,8
0.43605751545497230.51992034856658540.8065108697001039,8
0.436124066089688460.84011005878065530.13430583238288885,0
0.43671177956822780.105863133395585950.43567652694040004,8
0.43845495430890860.29133120798529530.6928352793243427,7
0.438972048541235840.20170724280601460.6568842227068429,8
0.439069903383332960.99395768431861710.7756316498807736,5
0.43955387471645980.88439757603819770.7736770125301257,1
0.441115622752338950.117650838737593630.14932072279971842,1
0.44128594887642660.00067593151210421090.9580317693039723,8
0.44210553421590050.68914698148008890.7316405212803276,7
0.44237611186483540.25644397547348210.4790792630164832,1
0.443130745053456950.86134910476183060.5503253124498481,8
0.444188876459459040.57303493058754940.08801986170254061,5
0.444198709805275650.284927932563358240.7485365180954363,1
0.444735864996295360.76134649120097190.10223141411324588,7
0.444844932370743850.96954226455454620.6976228769070474,1
0.44535797356621620.77476696152591550.48697138243669136,8
0.4455568975717180.0438516609105017440.8982816089058533,8
0.44659487741521930.69931144229505340.16179511770813626,7
0.447159768608708760.205661681901788570.8774253526076504,1
0.448843677021451450.55474000060886770.4080441750831375,8
0.448927963033340370.53401114969826110.3094678965627896,7
0.44959601199566480.14087763500818350.050605291800290275,8
0.449732342830413740.34857697682231380.8167285851164385,5
0.45006975724690810.75177678650051150.8398628878419208,8
0.45200541990875220.2215497564182850.6151068362844365,8
0.45297442027371980.29150325350450470.6155721662784472,8
0.453371842297142670.60883240442744360.3092900638735262,8
0.454394359211734770.424124684572592560.8200714249167276,8
0.454643449794888350.0464374575011781140.9805897820631023,1
0.456798475711876040.057736780932524770.4623783057389237,8
0.458007092059272040.5672516609128880.8982819228570779,8
0.459754250356275040.07786261187575760.31306063067733614,8
0.46036980566125920.156107106345952930.2649881792596197,8
0.460625278548596250.15512137320376730.1884804512367424,5
0.46144789417878340.117466149089557550.8321431737689012,8
0.463346595056413960.85248218566114860.09042088804852488,8
0.46357895307163520.64610150792969820.09044080766027263,4
0.46401492803353660.47623194233601630.47626624067239864,8
0.464216007071221460.62646424516534170.20810870287140149,8
0.46427735723614840.099808915057617460.1747018089453909,8
0.464708466603231730.61033170423052060.37898930412826404,8
0.465695363043168940.131795280373961930.8128510177310593,0
0.46669801549721570.67719615638731330.8243108214706636,8
0.46695557728765780.93618205991174410.6387805078435224,8
0.467390149232310150.12762779728116070.6222569609740647,2
0.46919795524402620.00831711059637330.9220883957440529,8
0.47016384981442450.53190447895458550.8253790179852802,8
0.470735579008552450.67549593784254790.10592691886126726,3
0.470780872761786930.74091889156886810.7251866371061195,8
0.47119030373355830.331876719065081540.7400129850060154,5
0.472219682406083140.19454380497692060.11981593718750583,5
0.472403907034880670.68119198658143020.13746703419969553,0
0.47282554499151520.68144232005785320.31210936558406976,2
0.474097206529344840.132314090783682060.17320065648214478,7
0.47439633832773720.153127098124436370.6951920292209091,2
0.474715503800384850.69813290677503170.18512577891100812,8
0.475735201735246860.94066795462271920.358497131670377,2
0.47600510013189110.63674807555563870.7028451500191061,8
0.476539424352137030.62986221236215440.44985481906379177,5
0.47660222004418540.50232458745046130.6047117596027515,0
0.47798898816617940.33173399357420340.6141347676624683,0
0.47866510991525390.41079512066516690.40943352746471307,5
0.4804487837144140.5242323326246830.7211828352491244,8
0.48122959314674140.29881308375838120.3604266560637919,7
0.4819701620658360.25781976481940040.38267324591921115,8
0.48253317306118070.48827639837343420.8990240967988602,0
0.48266319114681920.50005430842993980.19021167859521426,2
0.48440771590426080.8904888438870390.14494127196196582,8
0.48466215183416560.5971064085629630.08802066882265647,1
0.486701336934616370.436735115758888570.9902176420075874,1
0.48686156267417560.482110089713125970.6042109802856869,7
0.487580845748107450.63103277226269520.17682426656346073,7
0.489213398562364570.99566433739991930.5915808712951018,8
0.49144559706633470.13751272234161470.19325982947851017,8
0.491725802191013360.091242406293827180.34796105629465046,0
0.491886503300020040.68784318599690370.2447502615186764,8
0.492057294461358040.14387260035151350.768707323307198,8
0.492664863272212260.0066236761528566390.8570893372705127,5
0.49471494755548860.322865149589952940.2835930760037537,0
0.49612639121325530.38272943856725770.4266640184283793,0
0.49752339249362730.92431046662696360.519275853534942,8
0.497739063193251560.60900180935672950.7779589165970229,8
0.498375504707195270.71660332599179110.5088720150695117,3
0.49845614617368660.31606152742137640.9806707389457028,2
0.498891609996499060.88277857415891180.4790309299601545,7
0.50007790357064390.045303352467074730.1370363735675204,3
0.50063441530467670.72855408946392250.2418225221701653,1
0.50065779025235460.179771391888939870.5854477207201901,5
0.50200711469323540.235778073863432640.9945253512382912,1
0.50221603224543640.69785907621706230.4305732086760379,8
0.50239325554374170.38838127456930040.17981587369786922,5
0.50425552912320470.76440411470723960.279720677623982,8
0.50542776386077580.6372156800326920.39435128923379237,8
0.50555107448568040.43019932582362330.7930960931016461,0
0.50706781733395510.46271165892727230.5543163713383039,4
0.50733688528977820.310407850606310930.4519138637006822,8
0.50768167460432520.106410822797704970.6253001935664175,5
0.50854033214309760.70968879833522210.9038720601458546,8
0.51078187942597190.055439110842421590.8593597826874713,8
0.51425100287462920.407577969974618150.7614094464824553,8
0.5145412731429710.280809508349873840.15024040778656056,8
0.51473648060353260.91000411417076710.36399052208645566,5
0.51637178216757030.35289800775972570.8677194218712473,8
0.51661006185813460.79995907030965690.6132162198988715,8
0.51694954990025310.52335679449078040.6100706092152473,4
0.51757584103559060.121004195868265720.22469733703155736,4
0.51760935884032920.99341200955453920.3018416539323987,5
0.5181707462774050.373014195105491830.4848990247547217,0
0.51889779340420590.28404831026445110.07885990478549376,0
0.51968817754206930.9171619107832480.012363797326018111,2
0.52111482980047160.348300296635646540.09762303112570891,0
0.52257253513021780.450514464888754240.44272100401932835,5
0.52274803526554560.158746207981541380.3728519821013271,0
0.52326588146653130.25865800342559850.4830263303446918,1
0.52582136261441170.70131402157471260.25593853033397806,6
0.52595108680756140.45692807447424220.7224438275706426,8
0.52705273340462080.52464620925370880.6958294973451716,8
0.52828650093618420.97769694784333560.9868825328431889,3
0.53044213257936930.43473432966964720.2887922221960315,0
0.5308523737027850.91348697448169690.8304726195673974,0
0.53166105140247260.189460413106675720.5261920217936971,1
0.53194426602727650.26882202485877180.1880006257704051,2
0.53320582216479320.62693307597541670.21078147493552502,8
0.53348492889512780.97368188889908780.7557429355712851,1
0.53394004676456630.83425029226972220.44930727754961053,1
0.5358854757153870.208262470196169840.6854933003464287,1
0.53656481607001540.6160470556667480.2774677357345601,8
0.53760861820481940.16820897743657370.45732138727344906,8
0.53841229416021240.445458081938798540.6715577763141967,0
0.53923393139475460.72335256588097090.8823830751407377,8
0.53930026391886020.6535340984187020.34776988713915025,7
0.53941904792253370.99990782850920920.3499603437201839,5
0.53963382626740390.64903840034077650.7373800645705157,8
0.54116350407990550.060255631317070010.8942184453384514,0
0.54154519994872570.63594183951298890.6934608062893048,5
0.54213685535135510.64180946318236650.05873205158073014,5
0.54303069832555840.65810924047903550.17935450322006907,3
0.54321796226158680.30251714297888990.9838533102514823,8
0.54435006208837140.173849816446450030.6536753131338843,2
0.54451780603405160.48467948544050830.912677016598367,8
0.54602396767845430.101428559637121610.4794892503971605,8
0.54769058169413420.37389036046040090.10632222924961221,0
0.54921963908533170.92767276084444770.43811609507237825,7
0.54966460967916670.290652667520085340.06736275740480135,2
0.55159399852615830.54346932391811850.9987281750118517,5
0.55168042112639130.427686918980679340.009669699608339966,7
0.55252509674499760.429786712880771750.04182885816885784,8
0.55303772495048380.37542699599152760.185737845895401,0
0.55447547167041280.96751296061399330.6607340886518595,8
0.55455150404122640.178485747252072780.31387277955962656,8
0.55581384496480190.71024700677332520.7552437477921852,2
0.55614986009487070.07092398995482130.30211812654693093,7
0.55636420396979890.5520541915753990.8566241806462468,8
0.55734029809356880.94860156416476150.11838729071717868,5
0.55756267519643720.17871959783295510.5590938296534966,0
0.55842348001297080.55814160715926130.7461083762758536,8
0.55903165610818720.91262476282617710.9469233801939514,0
0.55988351914386970.87471272354109120.973837022637289,6
0.56003025785649770.97869622975025050.10969831691121934,8
0.56041550491782650.63750354358805660.011297267978029768,0
0.56068754141293440.71246919051921710.03975240325474838,8
0.56116760981080550.99707876693954880.5242477822769123,4
0.56213845207171120.56783451920531170.3984019018633276,8
0.56228021145142550.58280627109585840.9426736508843097,8
0.56233257209398780.65459598356093740.4562079232212538,5
0.56263433766660780.51970580018449370.6318576074968361,0
0.56310889086401840.188233664905256280.9880062104046431,8
0.56373548328784960.57946808970648980.6811334783148337,4
0.56396958193001910.217964540906503630.6994649712461508,0
0.56606880428791080.96716550875282740.8960016303572437,2
0.56686189297209260.80769976464162130.9586589219295039,4
0.56724388551193530.9350421875089510.35891832659721157,7
0.56910525486580930.406075168758162850.8337251693040575,8
0.57007434480499830.53228079737041160.596857685884599,8
0.57038079758947110.58366011101315520.9764207784447133,4
0.5710121813546990.83629952660649130.6579212582849684,2
0.57134455984491960.25059635026184590.44588205232295974,5
0.57163757387379340.84890077193880860.07134407817655741,5
0.57226929923046450.055912004160444170.2582596460167085,5
0.572676990554930.358085588163739370.7840314485705014,5
0.57270167422786470.14985238138241430.3281176377422065,1
0.57271429063121870.235642019482420920.2988521090072024,3
0.57370078487881860.0050775812400269960.9801840412931456,5
0.57452517097051070.44088863775437470.3696721433438106,5
0.57490050847642650.125326782259194030.31702767046048186,7
0.57496229426279160.227645634941656680.25864795899117565,7
0.57589445747334870.6491309518995750.17453883572945839,5
0.57621164972089990.24299724239572450.4729729429445937,0
0.57962844008579640.61303911397437950.9035852726068062,0
0.58004664146624030.82331481683043770.012897663838784656,8
0.58155558533236720.473260488759524760.5309219311457678,8
0.58198580176158910.13337087705707430.7910522956204914,5
0.58398605768393120.2550161481324220.3305627887422691,0
0.58403189911799810.72001193774922250.2951922875077382,3
0.58560801331338920.70088203138300210.07258944479897711,5
0.58587512121105120.38007271353672520.7721674041346899,0
0.58611875220254540.91742858151158010.0749871806934489,8
0.58703610408448840.75225446984686510.7127113999493597,8
0.58734034554860750.72659915055724160.8854137838995794,8
0.58792389697681060.35063084111398970.7107539594937995,8
0.59189576333627650.0622828635199581540.662443928153949,4
0.59317617162514650.469082341484145850.9085292984024619,1
0.59373052333977170.28373154562877290.6935035273984953,5
0.59392406787485050.047960375711097680.10811345021104524,1
0.59503510645002770.67521255360409020.2352038950009312,4
0.59581446553122290.78737068982325720.5255066562201677,5
0.59627197071910240.71719875559127060.6120498176686321,0
0.59642581744393170.57480604487441440.4230387820732123,1
0.59724644107162850.154252761321121530.1808459671686966,0
0.59793570701836030.143639282940207340.30323113854686257,4
0.59804379779427290.324430330572412660.3852379173959837,5
0.59935752279492970.56360470233576520.01862003563723691,8
0.59951491289248950.51581363155282830.2316709728180616,0
0.60010210429558920.244713171438633360.5473416095831464,8
0.60238866745097120.92103821641807940.9675316856159355,8
0.60292204498907590.87362045848953960.18816329393275533,2
0.6032112683898130.69529229552188130.47900974239545524,8
0.60513890786185540.8425300041133890.5636180344312958,2
0.60516874320064220.61386523362143630.5956086620442795,2
0.60620885330614330.51142305966947810.38519543334472717,1
0.60631765124296280.79074082984341940.22568713706503463,8
0.60659391748262890.96436290600745520.9289134930021768,2
0.60666157047976270.322249229736538130.44178601683795293,0
0.60692686967195990.188646523265865730.39175101589815353,8
0.60759309891552330.77896965251325990.6904760750146538,1
0.60792995792129470.82432851478736220.7202009134955517,1
0.60905010463801680.298475926253297440.10810453058584346,8
0.61031923927381790.164116549790646270.3511877188267709,8
0.6114907561721030.5104238793566630.8476367453303612,8
0.6119815976690240.266862613004479550.5670430929389746,2
0.61205374492842390.109302234436326250.7297285197626795,3
0.61244839335010550.62552460049482660.2274279774526755,1
0.61303924235052680.322600039912793960.6409039297850732,8
0.61410657777768770.61697716449040750.6472784004740801,8
0.615608676099330.6618902109649390.4905509411536766,5
0.61567703441449230.58683049857081520.2424580384102868,0
0.61599334299648420.029117381811460620.17562908823799772,8
0.61745946160272310.234770243102021550.6843995744059167,8
0.61796477639139780.053085248656278950.654757871815387,3
0.61863022986152490.160789882479698720.5353166854772462,0
0.61940997878917490.86552223085641230.951841950487967,3
0.61951577715433290.90011859084292180.3177859372337254,5
0.61973460657022360.364075197100762750.6201973128228377,8
0.61976603886958530.55754864826888870.8252525047036826,7
0.62045521200334460.335694676159030040.932243265619961,8
0.62066747483176670.4923403777042120.9853613293244484,8
0.62279777680064980.7007263462034130.41882575177142556,8
0.62281056834096920.062807151011063820.8366877206053353,0
0.62321173891163430.51080490845829760.16772170159359867,1
0.62431749428120790.58536468854812110.7121527964263069,8
0.62502236144859050.6144282783081980.09342840688357601,7
0.6254087421450090.7599905360610170.20355823835027387,2
0.62648068462618970.131277110626863870.8385177788928746,8
0.62651084761525070.84240577493585260.570981641156145,5
0.6285706960605760.50104896550707510.4154319943754019,7
0.62926048060243690.59690961595319370.2655304369857213,7
0.62947068986426590.69012489690903940.44583626550670963,1
0.62951448391066690.213175131864479560.6854051830188144,7
0.63219362037246640.054127948766823030.5243833515136112,0
0.63277063092713850.16598161769025920.1392349659267761,8
0.63428444730919420.82934808937221930.04408676179905002,5
0.63439674365203540.58031310844645630.6206546952666024,8
0.6344989691526710.0047135014239938490.2735278622014996,2
0.6354098090758440.123872858890699990.030563192381993565,8
0.63711337730137960.26195526243434820.7412309083479308,8
0.63770002256401630.79369638384500270.5087557451743008,0
0.63786965510592750.75279217579125380.10258764678776067,0
0.63819065907457060.97705769599926540.47357065114206875,8
0.63978650897389830.53378413103268530.9089231516954921,0
0.64032108527264860.77124966334352960.6231347773118835,5
0.64055520917656320.63656083101437370.12417692433158278,5
0.64117903620444720.8741169450522370.5545407454244312,8
0.6414044528072820.148654452257104270.8264378201838153,2
0.64142274648163970.61834935891060220.7559605966951775,8
0.64190728930123280.302094112954622630.24487791064894304,8
0.64226435582117060.91860729918727050.24382716386688363,7
0.64265252563843510.79719794188301310.24914775513674603,8
0.64498911544803350.0614822215626612540.21761177343900195,8
0.64616977464086660.78380159957641770.7937780317267142,0
0.64763238555000060.75510770520854990.5466151367012413,1
0.64878641911251640.014365204961963030.6326614547517746,0
0.65045741401674140.6159123540535510.919617656902767,5
0.65091666488130540.76896273010473860.7208399166575992,8
0.65306976061291880.409134348367874770.4917258800240638,8
0.65478767071354970.57202323979856180.47304661599893616,4
0.6549218974934640.83369308329632150.6156522140511563,1
0.65574936189804590.9284037194383690.8320776975151658,0
0.65753188102078770.53390047698045940.5999157312736821,5
0.65760164458076560.35500881944848960.6469998479834043,8
0.6576603864831290.5425935943571950.4132475707993215,8
0.65866296853231810.71523639129942620.7890767632200629,8
0.65928434198986270.0157317668692197320.5322124850127365,8
0.65942225087937320.69345812934763670.1523949620541334,4
0.65994075305491940.86526059470024260.44654739304319446,7
0.6600331827486290.39846597856478350.2786030610230039,2
0.66037282549821120.66298163572015570.9128687803454725,8
0.66072316490724050.473987677367951440.5334677638103494,5
0.66187131195074520.48667141165432950.18989786726763713,0
0.66192923737141760.87639277254274180.618031465493508,8
0.66450881141275360.64891120914761040.05178727504865499,2
0.66746845913456840.085707311839917090.3437913865460467,1
0.66758642353320410.75455027145522520.7823708141132708,8
0.66871713905097470.68407401914661870.5391972124434876,4
0.66903560835746380.16180283355194690.4592828367495694,8
0.67001326473229580.41080863292215820.8736073722343185,1
0.67169022295997130.29999707979876220.31617719627185403,0
0.6720904952614050.6110897560486540.6915136180806667,5
0.67214177242525740.123219190330394860.8917543549128218,1
0.67252060376544930.285748381441017550.008177405947240923,1
0.67280185973999020.83168949982488120.011961411023503232,8
0.67319284014735010.487493744304361650.736526164762155,8
0.67332571671859180.052672149087073960.22318506095065183,1
0.67336454729330150.98416521136596610.09841787115195888,0
0.67352569816818630.10732450470960530.8347421538444038,5
0.67562723319009990.51117399687458710.793735399106002,5
0.6762345536999460.489458725915637770.5774255293041615,1
0.67674814167711010.62668692867162260.24882312287588193,8
0.67753488557603030.6202731143493030.12028187475543328,8
0.67830682506509240.57041939336389150.44059740350902055,8
0.67914188502834970.40431666913763710.16504473120350882,0
0.679555487547740.69043730572213070.15074493247991338,8
0.68029523793907080.716917966180650.4888279668311897,8
0.68105568470921040.066115083621214990.6986758816054913,5
0.68183573561033660.40061479848023250.6322725265995844,7
0.68206668831057650.6669334106355430.35367863461461835,8
0.68294204900242620.76272593789558570.9544529839408864,0
0.68350995857721420.39007048662446120.26262515146396925,5
0.68404863625843120.20231023328444110.13810964158921235,8
0.68436783119883390.82651418558926270.6055110178612066,2
0.68446413338147280.83853647654711170.9734445802253693,3
0.68473797234995710.5760182372450430.1125298714022901,3
0.6855911638041680.92235194484494730.5965333624973594,1
0.68604353929873240.0237529461028070930.7168682838359131,1
0.68609749606223270.49026885414422530.9097008291152293,8
0.68685714691452670.94026312039755330.7370376934903003,1
0.6873778851783610.359261334534551340.6881412847327161,0
0.68840653893509720.154991942431022660.7707970000019662,5
0.68853208948028370.89864316972945240.9095627154056168,7
0.6897191839094270.275957136743605670.5536631532853207,2
0.69054317596064420.06003637772401660.8138180692068463,5
0.6906093394465230.64590289974095230.49082133507858616,8
0.69081813665497060.78402972304614030.07773529752199648,5
0.69181771262403110.17365027018259950.8152441540984942,8
0.69331331002982090.61007658007875150.1922641691367134,2
0.69352474717039710.34434977406332090.12893080042830274,2
0.69392455879330850.27186511669067180.6484570409575617,0
0.69403100112211070.477700241437765240.22894686745904325,5
0.69562628570498180.70376858267570390.39663205977623506,3
0.69616987352379490.0586463956651773750.9424669879999,0
0.69659150360016250.7305053174154660.7833615284842872,8
0.69705740872446030.70678993353286980.16073800913321723,8
0.69719670380735710.72203810457567560.7299740056702899,5
0.69787051625829310.76203291963689590.4809225019760145,0
0.69824456809613960.460070590046430030.6892105490596488,8
0.6984799628118810.391957984335360330.5950412281515748,7
0.70084690969867960.372491974074080750.9745547901682511,0
0.70118375033220160.27626857575618490.010151114438677111,8
0.7016342870555930.81229697567899510.5938199433548775,1
0.70226488825907360.80258028294121280.4173462574220549,8
0.70269877286560470.308984688829910150.33982465677725837,7
0.70283087215542020.94710862441938120.9971641129658702,8
0.70362192443473020.91917742110912390.5495926535464359,4
0.70367126338266360.50026234655621320.8333542024198782,1
0.705988360945980.29744483469935190.6144845157129195,5
0.70680564110865660.42705360508594360.8477979698515575,1
0.70716956370345980.0091414616906617670.5057329196930651,3
0.70784094654845410.05887376687632340.0674003281103075,8
0.70801848571103130.126582959847981620.04551570098321833,3
0.70968929631631410.154805697798286230.15370338356962976,5
0.71012363148836730.67424348553917350.89386600137792,5
0.71014237284579720.44385174280926220.1672534874280588,0
0.71109377557179180.89237379768093270.29879111191898644,8
0.71111009009585060.79212715504589250.37519243267583946,5
0.7113948488391690.82848180269863260.7614735874798569,8
0.71336928920718420.68631811093267130.6383135898776132,0
0.71367739040263150.52234487321850640.004109869234124597,2
0.71540031775084320.103287115952826250.07291950337895992,0
0.71581163400074480.96426379890633220.1717734627549371,8
0.71619180078941480.238685952615846020.3957858467912545,8
0.71784519456978110.0130861098335014470.9210352093632377,8
0.71954729950408870.66174506262915810.28345462640564045,0
0.71968066888592420.97188809887011430.7619621990520646,7
0.71975426301395020.30032226821126420.30928466220865325,8
0.7202556588749490.481516649389486130.4788146427200821,8
0.72031353076209370.48831632125413240.9168993896943668,8
0.72081545941493730.80408758100722110.555340047420701,5
0.72128433132606960.31554794400598650.742881063639104,0
0.72355794639657770.73959409065988350.46082899844820524,5
0.72357624844678090.90477938395658210.6443367915686986,5
0.72373365500246180.65656408641047790.9063426971636772,0
0.72377354327598380.223984919323738980.9557614301878538,8
0.72407413787137180.60477802108147490.7881848438551905,8
0.7259990918455620.167283260903185130.5777573938247643,8
0.72605098261353250.83747592260642130.5799233838834041,8
0.72631327833729150.98295647117854780.5957628266237858,8
0.72665196842385070.48192967732064040.6637106439195243,8
0.72723478532493180.52777150588672430.11118686032423841,5
0.72724299716373520.90875168790654020.6589030736792922,5
0.72737910567390430.81894860152485190.8150370057500141,8
0.72742536720186430.89210518463425550.8495872729061418,5
0.72777241643240440.66202254780863970.9404373373379956,7
0.72860551548323650.41419378772055860.8355115323303645,1
0.72912679795034920.16340249376192840.3794554417576478,8
0.72992358350978880.14134742092394180.6987552320082528,0
0.73091338006220730.71212999896503090.2692504481288627,8
0.7327240265394870.7309319374870530.4584492566797177,4
0.73463406075635770.79986817094126770.8978113473991952,4
0.73545972363345670.48889471332603340.019063006872084953,8
0.73573717878904340.0609575714765158150.31360480976972926,2
0.7366178954922570.79076766442525570.5677812224209393,0
0.73738836954613720.88309737441930490.44957501137407985,8
0.73761901255350860.0335102915702750750.46083463531227986,8
0.73854201398453160.472987024528297440.009742291097397104,5
0.73974517092071910.79049808523414990.6893105411839751,8
0.74066774466767580.54536653374834980.5904925124490397,5
0.74077996245641180.0025685060325107980.8586890091220177,1
0.7412523787164890.0162199010012604730.5533115635421741,8
0.74169350905755430.74065818023417820.11944300690788745,6
0.74236666166289960.98824341746295660.7577765897256292,8
0.7425182519297870.76591955494369070.5497261845380513,0
0.74330770551962120.89463749495505330.38664476826069216,4
0.74439071980867720.0183722253648929130.6843113552921495,1
0.74472457868919460.54957994461749680.12214151213551117,8
0.74523896465728430.0177691288489350.40343965897216305,7
0.74555472517371770.0224802611586438770.7584938206683315,5
0.74580482646460290.221572058894251360.7791178686032646,0
0.74629254549239770.136508344590864580.06981007960623054,1
0.7465593507170450.33871525380188630.1151697074497594,8
0.74685302763281580.55799341634302060.6876644087972894,1
0.74687922745624180.75433074294716760.9144412967755882,3
0.74701412342976780.17569480187584230.38020744571523624,8
0.74708675352374120.89837275688115470.23006323560308872,8
0.74792565195528580.114532871378897670.8193011743110851,5
0.74842686587791610.298913134955424260.701494310407385,4
0.74891160157211970.87729371014225840.4349773714204117,8
0.74895772206962330.56920704931909240.28861058830584174,7
0.74896113448493330.68885053761595430.28506937643476193,0
0.75143000104761090.32063381553360680.33089484252143686,8
0.75186449241440210.072543114493157310.4582855226185861,4
0.75227714017122520.8711313825778940.7028436154856829,1
0.75262850647520950.54371233524834250.8724431344584407,3
0.75284020301053070.57525485385007670.09008295254473109,8
0.75307869175391630.69315983900268590.4066180806602082,8
0.75329091881886490.19110343073391090.3569741760353634,1
0.75401787114982670.004328928690998990.7253493524989911,2
0.75496517229279390.199057881552449970.5091225162251821,1
0.75578215753373780.86110290966666580.15284131934826106,1
0.75591105940873950.287245037564394570.28541534130199187,8
0.7566975232013890.80552537658658590.43871889809659737,7
0.75714934181027370.046500361909169840.6332404675890969,1
0.75718875563919340.172878972806494450.9843679902491329,0
0.75728275025756120.175494913838464720.8561465042734577,0
0.761696417537210.72430523985214910.5588504762725273,2
0.76515987240261240.96259231157075940.18985033997281908,8
0.76527424102046250.4376761494682250.39511325822861765,5
0.76628342001605250.57656365899714350.6744925637447877,1
0.76644243767879860.183247497414718350.0945086523798293,8
0.76689809835624080.167789143367802260.6072474938909317,0
0.76741639986453920.59995115155826260.7166580681291759,8
0.76747077449546410.68085509418202270.1367792384940989,1
0.76859873265744590.340175473031045230.29350012864742614,8
0.76867167190638550.350517813779771870.8046210388943108,1
0.76888423482399270.402850773301820950.74980238287319,4
0.7694385519755760.7781240372499260.5029066914875789,1
0.76979577231466320.94606203359010050.01953195673772712,1
0.77099596779018860.52113912005728390.9821158514056141,2
0.77198978414874080.72092456132729270.6433090999994615,1
0.77460612983381090.380190336315152750.8216612911278522,5
0.77511302786399550.82328280799756660.3668617721054209,8
0.77551388206377030.380661744372922550.533650127416263,8
0.77916910562440390.72484384403479130.559536545762476,8
0.77954469696425220.78574563030967750.8674752677651754,8
0.78073129858074370.27728748155464190.0623873798757717,8
0.7808415669784250.86579827707805760.33192468638134454,5
0.78298710154374580.7207655180934590.16696295419238083,0
0.78354813898046220.45055019475969260.22813838985421653,5
0.78809043680759930.331317136970776470.2605592354057036,7
0.78830365347668240.8941546580385560.7622540224225018,8
0.78861048401015390.0333645312456324340.36486123302846973,8
0.78865601863114550.220382322944052240.7011761011923114,5
0.78954696502212730.63799921388000350.6115280904291428,8
0.79019550284621170.30777254924389710.5066896270960092,8
0.79106659423702520.51166645148450530.9497538891427194,4
0.79121954740916690.154023969640411540.30016940799375313,8
0.79123721210106810.73706013750961910.764049723717511,2
0.79181779726535850.89587676555680260.44973370365090626,4
0.79184252499987170.96066210036873820.649180265644814,1
0.79224071482243160.476012473496484230.12689241920530958,4
0.79246159777340690.5499654665705350.5046927805059617,8
0.79293286813231740.093053350554671680.22159640047253015,0
0.79489722838094580.33908529995256530.9389485669553754,1
0.7962272166002120.56593255536731590.04106913020613612,4
0.79801751447210830.82129132075607180.4524413682169097,0
0.7992699177799810.478320076612043450.5407679455918271,1
0.79937200641176730.86201442802764860.342847995341358,1
0.79966005360553140.85225112776747570.8513877224254742,8
0.80016139384903530.41242597218934950.3530962654687778,3
0.80086480832445420.223770031723308780.6083438828966435,5
0.80114808740177380.72708132434263570.07892700605546787,2
0.80141660172226450.66757773258635310.987892453066448,8
0.80294224257235740.95670934958527520.876113046243067,8
0.80390990911538360.28600651170869540.033609351396258424,5
0.8047077662464530.441860305576534440.3657833219483778,8
0.80691535255439250.72328007982500230.3959487099532575,5
0.80709994326514230.52894069260227010.6678632037125836,7
0.80710784665736980.271980595021353740.06387198912314807,1
0.80722137115234440.84515516132835810.9745466021257082,1
0.80734931442879760.40609252674455840.45354413295517126,7
0.80745456372015580.60798393102513940.49346679626314605,8
0.80759690468054150.3042149828850230.7047048039501754,5
0.80771714395706850.33738830999893310.631273408325837,5
0.80981591769797110.65183745464860990.32152676288042836,0
0.81314734960637420.5748938787739090.6941918614713001,0
0.81445423644298030.378384108147198140.7339949733652058,8
0.81744197903683140.71289868472816450.6708702654339359,8
0.81842346453666430.75113813754073220.672795670557167,8
0.81842685954066960.61357328053546480.6426991638298314,1
0.81896556800445850.79565683599595440.4091415902449015,7
0.8205363809715620.87132303586300820.22292354720580898,8
0.82180259400680830.80504580077121430.40116478702232894,8
0.82183865991872630.7425108903762630.4092107572180145,8
0.82213851796294350.93802384671678110.6767172887378956,8
0.82261092779626130.041610522270233320.7189802411300433,7
0.82279921938663950.301992899437138360.5852082543366728,3
0.82364296627740050.265815634496665230.04065315227434285,8
0.82385535139044760.9093876384278920.30219017452925023,8
0.82419108193157140.091673423817520860.2121058154233132,7
0.82455414370760620.19057876405706930.33793354859773617,8
0.8256035090864570.76185961997110710.680341919919398,8
0.82573459842075560.59247461906370170.3223045829811182,8
0.82599699555253280.57153596261745810.1194009296748112,1
0.82615497504076120.323450920048455660.2407225561376266,1
0.82806207871338060.080616918606577160.9916747052834864,7
0.82828938595737590.53233982987587640.7087398064354379,8
0.8287486709858690.87863723170924120.7413750348628069,8
0.8294607899596630.267447725154110640.1804160719608544,8
0.82964715565365030.83487226621739340.2633160693841534,5
0.82998348195514450.91148637707373860.7046290688927878,8
0.83111048593217640.75884115476560720.4691101271554937,7
0.83149882050712480.97311972231919450.35792183655080756,2
0.8322837232185120.28946316654881030.4905856180357404,8
0.83283889967318840.90293491844977550.7757409796033808,3
0.8367481938498490.114322860480570280.5960754935660096,8
0.8369766776086950.249490261324279320.45644866712808063,8
0.8369890262392380.279170878339587540.7300177546449778,0
0.8398545048456510.15358993451673420.36082892122727306,3
0.84161338672185080.379889956147048240.8621983105655142,1
0.84183303523865130.0543257865478179450.2643954959175283,1
0.84404915368383680.78093703696337080.7853817050911462,4
0.8448465042613280.32730092172611890.5530913953240676,0
0.84485401490121710.412343291671457560.633240822185487,8
0.84551780266955920.6173626793364250.8137382542609338,8
0.84576626249254890.282257368921797760.3486154422494786,7
0.84713338591961180.092463996526863660.7245847123072019,8
0.84918000804690970.64796991727771370.677139332890884,2
0.84947816731260440.92865316578324420.6338871030317144,8
0.85105973857799670.46802076900629010.19281139827380978,8
0.85136205075312590.71180910400721260.9273244567231778,4
0.85176529235069140.85234133656589310.8593421841682666,5
0.85199872507448820.6633550274908440.17051227635637534,4
0.85250517945129170.062410558530858750.9010756950742388,4
0.85276414517920040.112371740785104260.054538013361754234,7
0.85333545866018580.106653267422360920.381364297657629,3
0.85382132658554650.77983013514367940.2143185873114406,8
0.85499892282359690.6592828491262030.7478141950798877,8
0.85545019330595460.099354624606130320.6856802654812854,0
0.85572042550820620.021701371457599540.8219399224471144,8
0.85630873874488010.19606321413698590.8000374582346373,0
0.85681520919683750.142359336376541520.22657443067005512,8
0.85781947757675790.70984001481256040.27149741659961313,7
0.85835567319833180.33496740661804460.2670878157192197,8
0.85840612638017630.1446879803205080.1299921314434368,8
0.85935065883150970.75058220907203710.2794203718374395,4
0.86044056542252130.8854652055098660.778420406767325,7
0.86081400393674750.56838038877296090.3654124628480987,8
0.86373024267005640.056444035024460940.5038958489409345,0
0.86425003392523910.85529337145609030.6150083884155736,4
0.8646299301110480.96713835572878060.6821997315354494,8
0.86484148520460260.74241273587286050.5612705527908106,1
0.86522435051923640.89592860143713390.46247007536879947,0
0.86718897055022570.82101739239846030.5152697026095568,8
0.86736858397413670.96311656091791410.1989581106368732,0
0.86960168323406850.98077463133259430.23880554416624933,8
0.87281770891232040.73583727126868140.06228128601443195,4
0.87314356370494240.51909967901634550.6882416434629275,2
0.87327966206053890.33336203606055660.5827395145864196,4
0.87674316791792340.0092671684800997860.5679618686644954,8
0.87777993824956090.245721649517883670.5378691434533237,0
0.87907566360041860.4973702730475090.09004909504378433,7
0.88013578462503230.87789356269605480.26413663017037114,0
0.88086417368643950.87927024248454280.36952708873888396,1
0.88162635989776030.49222672389540520.3090530721512196,0
0.88245573091859290.72750806335939190.7638567641619896,8
0.88455199758722750.49308199347384760.378712574774259,5
0.88521415466659710.43798374932500850.1894644956286471,8
0.88549269274953890.369401664931945040.4457752707944581,8
0.8864147597406560.77143029048962460.029356251172803494,8
0.88665351521782180.446629934097793830.2652124405628762,4
0.88758691584157820.427555683291455770.7762147191302945,8
0.88918587599798860.103102829460633540.7661801849229952,8
0.88962535248812810.24985690588499710.25624383845235577,0
0.88963244913822050.381070998412845750.2865235765557891,5
0.88972638538168170.59764863940418590.7635895458617169,1
0.8916415419685120.83572867079840060.5382205676102315,7
0.89182262813657280.59177163203248640.14896970178004143,8
0.89313169207800720.13978098577235520.9313687355299899,8
0.89426842014426210.6741204315630970.11533360353413535,3
0.89479121214269970.91915221544021190.2297664971010167,5
0.89569897831633150.25007946653105850.3815774085242454,8
0.89576478161431370.77853828132847450.05859123027811852,8
0.89651239289120870.148854275441656410.6403352692787918,5
0.89661750728364580.89579490722665190.8825484473607182,8
0.8969997731932950.86876883562455340.4908053516065467,0
0.89705673276376130.61342835940161950.8314161818660438,5
0.89793303808091460.50356597215106140.42292912510890757,8
0.89862192500318760.51158478646551230.6176979550550473,0
0.89867903078623030.445111192742455030.08779074110473106,5
0.89888935171347370.44548269218722050.0556358058261297,1
0.89945119837123410.451978382624322660.36814585179018866,0
0.90530620897824120.14734865599160430.4374725601949808,8
0.90562803034433350.85145885134155070.1424551171135482,8
0.9060550814064770.57396530161659820.33151398912829233,8
0.90703282753351560.303188025631157650.908994160706801,8
0.90717887817337420.61837208305151530.24268255160225038,2
0.90772609257296070.36125136455962880.46967422901020894,4
0.90973539356417120.32928473837054650.5422337512058923,1
0.91035662746201440.68820391545537360.4806639427736671,8
0.91212416092401040.342327017681846150.3542869886448128,8
0.91244798545832440.093452965066021740.6704560400799391,7
0.91320426523356820.304550133038324230.9433332974961137,8
0.91335384616705860.44377409298714020.024934774629959966,8
0.91603116002977140.116565650841927050.13123215677894462,1
0.91613038585063530.29503760015624680.614625448143849,8
0.91803106934111620.70463394522003650.2739774984743589,7
0.9187807873072060.84428408643765070.3235888113048372,8
0.91903281997551510.68995295850164920.9036756466495962,8
0.91968904211073670.46827590538012230.4555841707467413,1
0.92009807081365560.205401186552666370.9011748671533497,5
0.92022654525998730.178960933768451680.9603421453944235,8
0.92127440297210640.89728747193145920.519759218492037,8
0.92227011568408720.30492752293921730.48993284548371885,0
0.92243408061827470.91849349439570230.598944584460229,7
0.9226953908446980.27638356215774360.426983398886185,2
0.92413172553393390.43315637723867140.724430847130706,5
0.92415926660856640.68442874346364150.2803730137594912,8
0.92604195178163660.39295267090741990.8318998346876566,4
0.92656445165102370.5763523531479390.03346187605137707,1
0.92788711644287070.454990872577285430.38733030388865675,2
0.92909861626461710.87872187782318420.8316655293611794,8
0.92971384081212030.57490672174581470.2611075056719391,8
0.93172147223373770.47390491773709830.4201299730230871,7
0.93233734402082820.68705233073326950.5942875807872049,2
0.93236986540314860.99431305042543340.4612652036895939,4
0.93289372353133280.66460583649936180.2664364811152776,0
0.93302393378330770.69617130064682260.13727295480092294,8
0.93302994642290680.91711212067341740.31749621084193913,8
0.93375153524940480.72112842882212190.18983410122335975,8
0.93473783663907740.22547028471546670.9474831368096475,8
0.93520603209154480.99154192093924350.17371203136518865,8
0.93566507672589360.277927169171837460.022548646357577584,8
0.93800219956576080.309581887415960930.3766793060563002,7
0.93971191279421270.17926684101683210.9180488444590112,5
0.93991107323013710.49067945389553470.4360576674633677,8
0.94008978961466120.87020002956878680.5365613933574678,5
0.94029189177955420.108346102199230690.23382190221158317,8
0.94112986885222970.42293685576388340.9158436709721437,1
0.94158640983191180.67134252474572230.785804595980518,8
0.94267624074404080.50047217711792560.4937952193450843,7
0.94274165743409690.298612652372383440.38998664806371885,8
0.94300496805801760.71274048810470430.709368196448239,5
0.94340216410195530.9084469502178310.36106486914722613,0
0.94538489270321890.86416385036243080.41813474333487655,5
0.94641326301176070.22203800690698060.45112799022070893,1
0.94684867970499090.165126958974127660.527673787418254,8
0.94694944529799410.085653452067878780.4859904633166138,5
0.94695751186812440.477067070451457130.009132599576333167,7
0.94697938922887180.30469115234950840.7482965867327934,5
0.94744827020015150.143721683778585960.895700861639843,8
0.94744871198848250.64467203122286020.41169172956574407,5
0.94806257777703120.085612961958021260.7200746641041943,2
0.9482517745526720.92245924869567770.233661311714357,4
0.94854685397039150.77102236879446530.2646559078330545,8
0.94879160508328190.34783654177340320.16055733602596878,8
0.94944601573111610.77952622258443640.07504821362766334,8
0.94961173271598890.19936068236253290.020380017320332344,0
0.9500686154818320.89200639219740870.7568477379771222,2
0.95087756039343470.69016355414055160.19154097301054474,0
0.95116931359613430.341732345131548150.7661562076678196,8
0.95129214057958190.62794877211836740.46395306851301954,8
0.95278939627960780.142779468362549730.6075729033208553,5
0.9530046114862960.461622222833148470.7083670512560635,8
0.95359251761912490.68682103546697670.4742678855891027,8
0.95415534592614550.81797665938608250.4820663416475329,8
0.95817283820589590.39665444151662730.7150147050494684,7
0.95825650510659010.076947309891618130.1647662168438936,3
0.95882388686444160.090666974822844250.5346262965600347,7
0.96055875027575790.37359078008337320.9419232134680416,8
0.96058674543712490.097119250157662540.7251719328091889,5
0.96077890327445040.080111465240586880.1858249609807232,8
0.96092552200006530.0804567846743880.4596393537555119,7
0.9611850608877470.97255923596739220.1423734852049684,3
0.96191110219283670.83595861390618130.5751991092199304,2
0.96253431576155550.26546636252296860.1084025472147111,5
0.96289329286887760.140757015005882670.9665002094627521,0
0.96317124828000480.63753812241999760.8901108988250623,8
0.96359353767975260.97049164991210060.45284570608136676,8
0.96457025137451750.0052906334725719710.09108858423870403,3
0.96562770408030150.68706793238888690.9363614356132178,5
0.9658332135686620.053802192307749630.743669966245749,1
0.96883492948109930.58107702272739440.6907514145617982,8
0.9689205272015550.32637664697785420.634122947404735,2
0.9729106275905690.29761456527690790.28900413740352493,7
0.97314681582169440.60887166708196490.23929746232765037,8
0.973274060435060.235965837783433160.43416165057207257,8
0.97360281682792480.91061695371871050.7451721541339701,1
0.97421942460331050.443110613331428870.8258233317797505,7
0.97498154544009460.54058416139228320.27241442761231416,8
0.97546567889003160.53364295737117350.12149002343739546,5
0.97620603293096290.81077171994039690.8814162046633244,8
0.97802256303911660.147944214738271570.4484290967871739,5
0.9783332849241010.64588081809716350.42036193888232787,7
0.9784906826791390.463003901194779970.719093975010852,8
0.979272451817190.68601191214149250.8141906641413996,8
0.98081813865978510.495328649616423530.03701961134557619,4
0.98114968719826010.53621573247872190.9392371403247157,8
0.98168519244053860.477454098489892950.9358253870013884,0
0.98237965494035680.167887416751584140.8853202533951373,8
0.98256723748362160.130715237543977960.8236734151883558,0
0.98301195764278570.129771229713770420.88424644683462,8
0.98527610014114320.89322617264640910.7045046465917915,8
0.98802336946708980.34537056070099860.398716607174025,0
0.98909070062072260.68039864011886080.11881101972358954,7
0.98912270229612340.54303069765418590.2533137652026174,5
0.98952335063659520.63999975985409290.5569497437746462,7
0.99153132343057080.52943229196543160.7668421684502729,1
0.99273020012805660.242742520361843850.5211045307634988,5
0.99408727736896330.54365668292974110.01952998332234923,1
0.99475373008878840.8160147010528680.3431670496355732,8
0.99502433555755120.353853344374190.12971313755430258,8
0.99514935666089470.64987805763945350.43810008391450406,8
0.99583362800194530.037042679930367360.0560544530877366,2
0.99697310298353550.62513233020940670.059775131609422494,2
0.99716142613047390.197750336695433180.6459868955867836,3
0.9973257779891610.138331744890855870.493515834889631,8
0.99770272541465340.482771084491531170.2954322205184059,7
0.9981505977730490.27455536007485760.9800272791942791,7
0.99898700725013080.41404113952437180.33379225693382353,8
